{"source":1,"revision":1,"description":null,"createdBy":{"displayName":"WALTER H GEORGE","url":"https://spsprodcus4.vssps.visualstudio.com/A746965e6-8fd9-4cbc-959c-99997bdf3e63/_apis/Identities/10497d41-9745-6fa7-a00c-a9b2ac0ace85","_links":{"avatar":{"href":"https://dev.azure.com/att-bot-marketplace-001/_apis/GraphProfile/MemberAvatars/aad.MTA0OTdkNDEtOTc0NS03ZmE3LWEwMGMtYTliMmFjMGFjZTg1"}},"id":"10497d41-9745-6fa7-a00c-a9b2ac0ace85","uniqueName":"wg1858@att.com","imageUrl":"https://dev.azure.com/att-bot-marketplace-001/_apis/GraphProfile/MemberAvatars/aad.MTA0OTdkNDEtOTc0NS03ZmE3LWEwMGMtYTliMmFjMGFjZTg1","descriptor":"aad.MTA0OTdkNDEtOTc0NS03ZmE3LWEwMGMtYTliMmFjMGFjZTg1"},"createdOn":"2021-06-29T16:21:28.010Z","modifiedBy":{"displayName":"WALTER H GEORGE","url":"https://spsprodcus4.vssps.visualstudio.com/A746965e6-8fd9-4cbc-959c-99997bdf3e63/_apis/Identities/10497d41-9745-6fa7-a00c-a9b2ac0ace85","_links":{"avatar":{"href":"https://dev.azure.com/att-bot-marketplace-001/_apis/GraphProfile/MemberAvatars/aad.MTA0OTdkNDEtOTc0NS03ZmE3LWEwMGMtYTliMmFjMGFjZTg1"}},"id":"10497d41-9745-6fa7-a00c-a9b2ac0ace85","uniqueName":"wg1858@att.com","imageUrl":"https://dev.azure.com/att-bot-marketplace-001/_apis/GraphProfile/MemberAvatars/aad.MTA0OTdkNDEtOTc0NS03ZmE3LWEwMGMtYTliMmFjMGFjZTg1","descriptor":"aad.MTA0OTdkNDEtOTc0NS03ZmE3LWEwMGMtYTliMmFjMGFjZTg1"},"modifiedOn":"2021-06-29T16:21:28.010Z","isDeleted":false,"lastRelease":{"id":3,"name":"Release-2","artifacts":[],"_links":{},"description":"Public - RPACOE SharedFlows - Triggered from DevOps - Subflow Deploy Releaseflow","releaseDefinition":{"id":2,"projectReference":null,"_links":{}},"createdOn":"2021-07-07T13:16:40.253Z","createdBy":{"displayName":"WALTER H GEORGE","url":"https://spsprodcus4.vssps.visualstudio.com/A746965e6-8fd9-4cbc-959c-99997bdf3e63/_apis/Identities/10497d41-9745-6fa7-a00c-a9b2ac0ace85","_links":{"avatar":{"href":"https://dev.azure.com/att-bot-marketplace-001/_apis/GraphProfile/MemberAvatars/aad.MTA0OTdkNDEtOTc0NS03ZmE3LWEwMGMtYTliMmFjMGFjZTg1"}},"id":"10497d41-9745-6fa7-a00c-a9b2ac0ace85","uniqueName":"wg1858@att.com","imageUrl":"https://dev.azure.com/att-bot-marketplace-001/_apis/GraphProfile/MemberAvatars/aad.MTA0OTdkNDEtOTc0NS03ZmE3LWEwMGMtYTliMmFjMGFjZTg1","descriptor":"aad.MTA0OTdkNDEtOTc0NS03ZmE3LWEwMGMtYTliMmFjMGFjZTg1"}},"variables":{"SolutionUniqueName":{"value":"Public__RPACOE_SharedFlows"}},"variableGroups":[],"environments":[{"id":2,"name":"PROD","rank":1,"owner":{"displayName":"NICK STANEK","url":"https://spsprodcus4.vssps.visualstudio.com/A746965e6-8fd9-4cbc-959c-99997bdf3e63/_apis/Identities/9aa9a4c4-ba62-63ac-9224-89f796c2713b","_links":{"avatar":{"href":"https://dev.azure.com/att-bot-marketplace-001/_apis/GraphProfile/MemberAvatars/aad.OWFhOWE0YzQtYmE2Mi03M2FjLTkyMjQtODlmNzk2YzI3MTNi"}},"id":"9aa9a4c4-ba62-63ac-9224-89f796c2713b","uniqueName":"s01608@att.com","imageUrl":"https://dev.azure.com/att-bot-marketplace-001/_apis/GraphProfile/MemberAvatars/aad.OWFhOWE0YzQtYmE2Mi03M2FjLTkyMjQtODlmNzk2YzI3MTNi","descriptor":"aad.OWFhOWE0YzQtYmE2Mi03M2FjLTkyMjQtODlmNzk2YzI3MTNi"},"variables":{},"variableGroups":[],"preDeployApprovals":{"approvals":[{"rank":1,"isAutomated":true,"isNotificationOn":false,"id":4}],"approvalOptions":{"requiredApproverCount":null,"releaseCreatorCanBeApprover":false,"autoTriggeredAndPreviousEnvironmentApprovedCanBeSkipped":false,"enforceIdentityRevalidation":false,"timeoutInMinutes":0,"executionOrder":1}},"deployStep":{"id":5},"postDeployApprovals":{"approvals":[{"rank":1,"isAutomated":true,"isNotificationOn":false,"id":6}],"approvalOptions":{"requiredApproverCount":null,"releaseCreatorCanBeApprover":false,"autoTriggeredAndPreviousEnvironmentApprovedCanBeSkipped":false,"enforceIdentityRevalidation":false,"timeoutInMinutes":0,"executionOrder":2}},"deployPhases":[{"deploymentInput":{"parallelExecution":{"parallelExecutionType":0},"agentSpecification":{"identifier":"windows-2019"},"skipArtifactsDownload":false,"artifactsDownloadInput":{"downloadInputs":[{"alias":"_Solution Build","artifactType":"Build","artifactDownloadMode":"All","artifactItems":[]}]},"queueId":5067,"demands":[],"enableAccessToken":false,"timeoutInMinutes":0,"jobCancelTimeoutInMinutes":1,"condition":"succeeded()","overrideInputs":{}},"rank":1,"phaseType":1,"name":"Run on agent","refName":null,"workflowTasks":[{"environment":{},"taskId":"8015465b-f367-4ec4-8215-8edf682574d3","version":"0.*","name":"Power Platform Tool Installer ","refName":"","enabled":true,"alwaysRun":false,"continueOnError":false,"timeoutInMinutes":0,"definitionType":"task","overrideInputs":{},"condition":"succeeded()","inputs":{"DefaultVersion":"true","PowerAppsAdminVersion":"2.0.99","XrmToolingPackageDeploymentVersion":"3.3.0.901","MicrosoftPowerAppsCheckerVersion":"1.0.29","CrmSdkCoreToolsVersion":"9.1.0.64","XrmOnlineManagementApiVersion":"(obsolete)"}},{"environment":{},"taskId":"d4a5d5cd-341b-47da-88a7-1c2379a0783a","version":"0.*","name":"Power Platform WhoAmI ","refName":"","enabled":true,"alwaysRun":false,"continueOnError":false,"timeoutInMinutes":0,"definitionType":"task","overrideInputs":{},"condition":"succeeded()","inputs":{"authenticationType":"PowerPlatformEnvironment","PowerPlatformEnvironment":"3cbf2f47-045a-4d10-9edf-ccd6d620eb8f","PowerPlatformSPN":""}},{"environment":{},"taskId":"fb4a48f1-0eeb-4909-9e47-9bc290e1cb89","version":"0.*","name":"Power Platform Import Solution - Managed","refName":"","enabled":true,"alwaysRun":false,"continueOnError":false,"timeoutInMinutes":0,"definitionType":"task","overrideInputs":{},"condition":"succeeded()","inputs":{"authenticationType":"PowerPlatformEnvironment","PowerPlatformEnvironment":"3cbf2f47-045a-4d10-9edf-ccd6d620eb8f","PowerPlatformSPN":"","SolutionInputFile":"$(System.DefaultWorkingDirectory)/_Solution Build/drop/$(SolutionUniqueName)_managed","AsyncOperation":"true","MaxAsyncWaitTime":"60","HoldingSolution":"false","OverwriteUnmanagedCustomizations":"false","PublishWorkflows":"true","SkipProductUpdateDependencies":"false","ConvertToManaged":"true"}}]}],"environmentOptions":{"emailNotificationType":"OnlyOnFailure","emailRecipients":"release.environment.owner;release.creator","skipArtifactsDownload":false,"timeoutInMinutes":0,"enableAccessToken":false,"publishDeploymentStatus":true,"badgeEnabled":false,"autoLinkWorkItems":false,"pullRequestDeploymentEnabled":false},"demands":[],"conditions":[{"name":"ReleaseStarted","conditionType":1,"value":""}],"executionPolicy":{"concurrencyCount":1,"queueDepthCount":0},"schedules":[],"currentRelease":{"id":3,"url":"https://vsrm.dev.azure.com/att-bot-marketplace-001/6fcaecec-c2db-48a6-b161-271e9439612a/_apis/Release/releases/3","_links":{}},"retentionPolicy":{"daysToKeep":30,"releasesToKeep":3,"retainBuild":true},"processParameters":{},"properties":{"BoardsEnvironmentType":{"$type":"System.String","$value":"unmapped"},"LinkBoardsWorkItems":{"$type":"System.String","$value":"False"}},"preDeploymentGates":{"id":0,"gatesOptions":null,"gates":[]},"postDeploymentGates":{"id":0,"gatesOptions":null,"gates":[]},"environmentTriggers":[],"badgeUrl":"https://vsrm.dev.azure.com/att-bot-marketplace-001/_apis/public/Release/badge/6fcaecec-c2db-48a6-b161-271e9439612a/2/2"}],"artifacts":[{"sourceId":"6fcaecec-c2db-48a6-b161-271e9439612a:1155","type":"Build","alias":"_Solution Build","definitionReference":{"artifactSourceDefinitionUrl":{"id":"https://dev.azure.com/att-bot-marketplace-001/_permalink/_build/index?collectionId=f0773e22-1c1b-4271-b13f-62fcd8b61de8&projectId=6fcaecec-c2db-48a6-b161-271e9439612a&definitionId=1155","name":""},"defaultVersionBranch":{"id":"","name":""},"defaultVersionSpecific":{"id":"","name":""},"defaultVersionTags":{"id":"","name":""},"defaultVersionType":{"id":"latestType","name":"Latest"},"definition":{"id":"1155","name":"Solution Build"},"definitions":{"id":"","name":""},"IsMultiDefinitionType":{"id":"False","name":"False"},"project":{"id":"6fcaecec-c2db-48a6-b161-271e9439612a","name":"Public - RPACOE SharedFlows"},"repository":{"id":"","name":""}},"isPrimary":true,"isRetained":false}],"triggers":[],"releaseNameFormat":"Release-$(rev:r)","tags":[],"properties":{},"id":2,"name":"Move to Production","path":"\\","projectReference":null,"url":"https://vsrm.dev.azure.com/att-bot-marketplace-001/6fcaecec-c2db-48a6-b161-271e9439612a/_apis/Release/definitions/2","_links":{"self":{"href":"https://vsrm.dev.azure.com/att-bot-marketplace-001/6fcaecec-c2db-48a6-b161-271e9439612a/_apis/Release/definitions/2"},"web":{"href":"https://dev.azure.com/att-bot-marketplace-001/6fcaecec-c2db-48a6-b161-271e9439612a/_release?definitionId=2"}}}